,business_id,name,stars,review_count,attributes,categories,hours,LocationKey,X1
45,YISw5PbRXitMdYA797uQag,Scarborough Bluffs,4.5,50,"{'GoodForKids': 'True', 'BikeParking': 'True', 'BusinessParking': ""{'garage': False, 'street': False, 'validated': False, 'lot': True, 'valet': False}""}","Parks, Active Life",,46,45.0
303,vqtblEvEH7gD9jVFw2qDnw,Marie Curtis Park,4.5,5,"{'BikeParking': 'True', 'BusinessParking': ""{'garage': False, 'street': True, 'validated': False, 'lot': True, 'valet': False}"", 'GoodForKids': 'True'}","Parks, Active Life",,304,303.0
304,HEBEGlSx8YxgywbPx_sKvA,Enchanted Castle,2.0,3,{'GoodForKids': 'True'},"Playgrounds, Active Life",,305,304.0
381,Ffxs-sjIEWitPAC-y2qb2Q,All For Fun & Fun For All,2.5,5,{'GoodForKids': 'True'},"Playgrounds, Active Life","{'Monday': '9:30-15:30', 'Tuesday': '9:30-15:30', 'Wednesday': '9:30-15:30', 'Thursday': '9:30-15:30', 'Friday': '9:30-20:30', 'Saturday': '9:0-12:0', 'Sunday': '9:0-12:0'}",382,381.0
451,478DPZ2KOUAIj30jP6gu7g,Hendon Park,4.5,3,"{'GoodForKids': 'True', 'BusinessParking': ""{'garage': False, 'street': False, 'validated': False, 'lot': True, 'valet': False}""}","Parks, Active Life",,452,451.0
713,58h2EhvN3iJ4jeu95N5YzA,Allan Gardens,4.5,100,"{'GoodForKids': 'True', 'BusinessParking': ""{'garage': False, 'street': True, 'validated': False, 'lot': False, 'valet': False}"", 'RestaurantsPriceRange2': '1', 'BikeParking': 'True'}","Active Life, Parks","{'Monday': '10:0-17:0', 'Tuesday': '10:0-17:0', 'Wednesday': '10:0-17:0', 'Thursday': '10:0-17:0', 'Friday': '10:0-17:0', 'Saturday': '10:0-17:0', 'Sunday': '10:0-17:0'}",714,713.0
883,BSqMayKogqIFL-zj30KcQA,Corktown Common,4.0,13,"{'BikeParking': 'True', 'GoodForKids': 'True', 'BusinessParking': ""{'garage': False, 'street': False, 'validated': False, 'lot': False, 'valet': False}""}","Active Life, Parks, Dog Parks, Playgrounds",,884,883.0
1320,tv460aZVxuiHu1C7X2inHw,Ramsden Park,4.0,7,"{'GoodForKids': 'True', 'BusinessParking': ""{'garage': False, 'street': True, 'validated': False, 'lot': False, 'valet': False}"", 'BikeParking': 'True'}","Active Life, Tennis, Skating Rinks, Parks",,1321,1320.0
1339,QIUheP5W2cpvOA7ipSd9wA,Moss Park,2.5,4,{'GoodForKids': 'False'},"Active Life, Parks",,1340,1339.0
1361,wJK311GrpDS9KSaPdz27hQ,Trinity Bellwoods Park,4.5,85,"{'GoodForKids': 'True', 'BikeParking': 'True', 'BusinessParking': ""{'garage': False, 'street': True, 'validated': False, 'lot': False, 'valet': False}"", 'DogsAllowed': 'True'}","Tennis, Parks, Active Life","{'Monday': '0:0-0:0', 'Tuesday': '0:0-0:0', 'Wednesday': '0:0-0:0', 'Thursday': '0:0-0:0', 'Friday': '0:0-0:0', 'Saturday': '0:0-0:0', 'Sunday': '0:0-0:0'}",1362,1361.0
1852,21AZ9RR7D7s2TlT5S07mMA,Coronation Dog Park,4.0,11,"{'GoodForKids': 'True', 'BusinessParking': ""{'garage': False, 'street': False, 'validated': False, 'lot': False, 'valet': False}"", 'BikeParking': 'True'}","Parks, Active Life, Dog Parks",,1853,1852.0
2044,sPPFktUgmql_RJNYlVVVjw,Jimmie Simpson Park,3.0,3,"{'GoodForKids': 'True', 'BikeParking': 'True'}","Skating Rinks, Tennis, Active Life, Parks",,2045,2044.0
2156,yhgo5fty_Q4ASeRmEUGomg,Little Norway park,4.0,4,"{'GoodForKids': 'True', 'BusinessParking': ""{'garage': False, 'street': False, 'validated': False, 'lot': False, 'valet': False}""}","Playgrounds, Parks, Active Life",,2157,2156.0
2250,_f4ECv0_dCMJ__NkUsXNXg,Milliken Park,4.0,11,"{'BikeParking': 'True', 'GoodForKids': 'True', 'BusinessParking': ""{'garage': False, 'street': False, 'validated': False, 'lot': True, 'valet': False}""}","Parks, Active Life",,2251,2250.0
2343,tAGPjyoP_qR7obcqg-a08Q,Glendora Park,4.0,3,"{'GoodForKids': 'True', 'BusinessParking': ""{'garage': False, 'street': False, 'validated': False, 'lot': False, 'valet': False}""}","Active Life, Parks",,2344,2343.0
2601,z3Ng5Djr0HlhWWCbG6ggbg,L'Amoreaux Park,4.5,4,"{'GoodForKids': 'True', 'BikeParking': 'True', 'BusinessParking': ""{'garage': False, 'street': False, 'validated': False, 'lot': False, 'valet': False}""}","Parks, Active Life",,2602,2601.0
2666,Za690sqMnzlltUPYWmtBqQ,Sprouts - Growing Bodies & Minds,3.0,13,"{'GoodForKids': 'True', 'BusinessParking': ""{'garage': False, 'street': True, 'validated': False, 'lot': False, 'valet': False}"", 'BikeParking': 'True', 'WheelchairAccessible': 'True'}","Playgrounds, Recreation Centers, Active Life, Summer Camps","{'Monday': '0:0-0:0', 'Tuesday': '9:0-16:0', 'Wednesday': '9:0-18:0', 'Thursday': '9:0-18:0', 'Friday': '9:0-18:0', 'Saturday': '9:0-16:0', 'Sunday': '9:0-13:0'}",2667,2666.0
2769,9yhgLdMHBgJ2Mu0jkxlmDA,Bruce Mackey Park,3.0,3,,"Parks, Active Life",,2770,2769.0
2865,CVukRfIodxXZ9CZC8u_SuQ,Colonel Samuel Smith Park,4.5,13,"{'GoodForKids': 'True', 'BikeParking': 'True', 'BusinessParking': ""{'garage': False, 'street': False, 'validated': False, 'lot': True, 'valet': False}""}","Skating Rinks, Active Life, Parks, Skate Parks",,2866,2865.0
2910,njibVlsPhZ9HKTAz0C3QgA,Hooray for Play,3.5,3,"{'GoodForKids': 'True', 'BusinessParking': ""{'garage': False, 'street': False, 'validated': False, 'lot': False, 'valet': False}""}","Active Life, Playgrounds, Indoor Playcentre","{'Monday': '9:30-13:30', 'Tuesday': '9:30-13:30', 'Wednesday': '9:30-13:30', 'Thursday': '9:30-13:30', 'Friday': '9:30-13:30'}",2911,2910.0
3372,sg9k_AhqasHCma-_JnGLsw,Palace Pier Park,5.0,6,"{'GoodForKids': 'True', 'BusinessParking': ""{'garage': False, 'street': False, 'validated': False, 'lot': False, 'valet': False}"", 'BikeParking': 'True'}","Parks, Active Life",,3373,3372.0
3644,tu6byjGkepWssyUGqFDboA,Trillium Park,5.0,3,"{'DogsAllowed': 'True', 'BusinessParking': ""{'garage': False, 'street': False, 'validated': False, 'lot': False, 'valet': False}"", 'GoodForKids': 'True', 'BikeParking': 'True'}","Parks, Hiking, Active Life, Playgrounds",,3645,3644.0
3794,y7y6y8rA_9fdOi6rk_EfKQ,Jamie Bell Adventure Playground,4.5,5,"{'BusinessParking': ""{'garage': False, 'street': False, 'validated': False, 'lot': False, 'valet': False}"", 'GoodForKids': 'True', 'BikeParking': 'True'}","Active Life, Playgrounds",,3795,3794.0
3958,OWuO_voonrS9xStBMREVXg,Yorkville Park,4.0,3,"{'GoodForKids': 'True', 'BusinessParking': ""{'garage': True, 'street': False, 'validated': False, 'lot': True, 'valet': False}"", 'BikeParking': 'True'}","Active Life, Parks, Local Flavor",,3959,3958.0
4026,Tl7g7mnbbWjg3AXAsA0wFQ,Sir Winston Churchill Park,4.0,8,{'GoodForKids': 'True'},"Parks, Active Life",,4027,4026.0
4051,k-3J66smBCnI30ZMwGpzAw,Eglinton Park,4.0,5,"{'GoodForKids': 'True', 'BusinessParking': ""{'garage': False, 'street': True, 'validated': False, 'lot': False, 'valet': False}"", 'BikeParking': 'True'}","Active Life, Parks",,4052,4051.0
4138,iRxYSTxCLRFu7HWiiHaxUw,Bellevue Square Park,4.0,12,"{'GoodForKids': 'True', 'BusinessParking': ""{'garage': False, 'street': True, 'validated': False, 'lot': False, 'valet': False}"", 'BikeParking': 'True'}","Active Life, Parks",,4139,4138.0
4362,1w7J0Ja9SSM3V_zwYTZScQ,Monkey Magoo's Party & Playhouse,4.5,6,{'GoodForKids': 'True'},"Event Planning & Services, Recreation Centers, Venues & Event Spaces, Playgrounds, Active Life, Indoor Playcentre","{'Monday': '9:0-18:0', 'Tuesday': '9:0-18:0', 'Wednesday': '9:0-18:0', 'Thursday': '9:0-18:0', 'Friday': '9:0-18:0', 'Saturday': '9:0-18:0', 'Sunday': '9:0-18:0'}",4363,4362.0
4411,I4XlqNFX4vxd9b6kvEBheQ,Centennial Park Conservatory,4.5,16,"{'GoodForKids': 'True', 'BikeParking': 'True', 'BusinessParking': ""{'garage': False, 'street': False, 'validated': False, 'lot': True, 'valet': False}""}","Active Life, Parks","{'Monday': '10:0-17:0', 'Tuesday': '10:0-17:0', 'Wednesday': '10:0-17:0', 'Thursday': '10:0-17:0', 'Friday': '10:0-17:0', 'Saturday': '10:0-17:0', 'Sunday': '10:0-17:0'}",4412,4411.0
4481,oxLLLMC78Oq0jDdMwbOtBw,Thomson Memorial Park,4.0,7,"{'GoodForKids': 'True', 'BusinessParking': ""{'garage': False, 'street': True, 'validated': False, 'lot': True, 'valet': False}"", 'BikeParking': 'True'}","Parks, Active Life",,4482,4481.0
4723,o0TM7iNhDJdX0GTSMhlchQ,Southern Linear Park,1.5,3,{'GoodForKids': 'False'},"Parks, Dog Parks, Active Life",,4724,4723.0
4753,tyVRfb_Xr7r9aQ73Q-NQXQ,Dufferin Grove Park,5.0,14,"{'BusinessParking': ""{'garage': False, 'street': False, 'validated': False, 'lot': False, 'valet': False}"", 'BikeParking': 'True', 'GoodForKids': 'True'}","Parks, Active Life",,4754,4753.0
5010,wYev2t1gkAiz7U4Pgh3KOQ,Olive Square Park,3.5,7,{'GoodForKids': 'True'},"Parks, Active Life","{'Monday': '0:0-0:0', 'Tuesday': '0:0-0:0', 'Wednesday': '0:0-0:0', 'Thursday': '0:0-0:0', 'Friday': '0:0-0:0', 'Saturday': '0:0-0:0', 'Sunday': '0:0-0:0'}",5011,5010.0
5013,ur3M3N5K-45M3fnK_jYA4Q,Rouge Beach Park,4.5,13,"{'GoodForKids': 'True', 'BusinessParking': ""{'garage': False, 'street': True, 'validated': False, 'lot': True, 'valet': False}"", 'BikeParking': 'True'}","Active Life, Parks",,5014,5013.0
5473,BuFxrCINwWXaIzQUR1_d5A,Willowdale Off Leash Dog Area,2.5,8,"{'BikeParking': 'True', 'GoodForKids': 'True', 'BusinessParking': ""{'garage': False, 'street': False, 'validated': False, 'lot': True, 'valet': False}""}","Active Life, Parks, Dog Parks",,5474,5473.0
5638,aTPPgfGzmemaKZdpkymt8A,Greenwood Park,3.0,10,"{'GoodForKids': 'True', 'BusinessParking': ""{'garage': False, 'street': False, 'validated': False, 'lot': True, 'valet': False}""}","Parks, Skating Rinks, Active Life",,5639,5638.0
5672,iWBKDEPeBeBAEsM4llx7xA,James Garden's Park,3.5,3,"{'GoodForKids': 'True', 'BikeParking': 'True'}","Parks, Active Life",,5673,5672.0
5831,kC9xjFyucgCupZloE8BrWw,High Park Zoo,4.0,24,"{'GoodForKids': 'True', 'BusinessParking': ""{'garage': False, 'street': False, 'validated': False, 'lot': True, 'valet': False}"", 'BikeParking': 'True'}","Zoos, Active Life, Parks","{'Monday': '7:0-17:0', 'Tuesday': '7:0-17:0', 'Wednesday': '7:0-17:0', 'Thursday': '7:0-17:0', 'Friday': '7:0-17:0', 'Saturday': '7:0-17:0', 'Sunday': '7:0-17:0'}",5832,5831.0
6070,HvhJcRzN9BBeJNfXnZKjIw,Clarence Square Park,3.5,11,"{'GoodForKids': 'True', 'DogsAllowed': 'True', 'BikeParking': 'True', 'BusinessParking': ""{'garage': False, 'street': False, 'validated': False, 'lot': True, 'valet': False}""}","Active Life, Dog Parks, Parks",,6071,6070.0
6263,QnIJiCnX-JPomoT4QckN2g,Cloud Gardens,3.5,6,"{'GoodForKids': 'True', 'BusinessParking': ""{'garage': True, 'street': True, 'validated': False, 'lot': False, 'valet': False}"", 'BikeParking': 'True'}","Parks, Active Life",,6264,6263.0
6660,T6yj2qsoUbHTs6r_z6JAvg,Glen Stewart Ravine,4.0,3,,"Active Life, Parks",,6661,6660.0
6848,ekP5DT-9piDf57_yHEEyjg,Dog Park at Allen Gardens,3.0,15,"{'BusinessParking': ""{'garage': False, 'street': False, 'validated': False, 'lot': False, 'valet': False}"", 'GoodForKids': 'False', 'BikeParking': 'True'}","Active Life, Parks, Dog Parks",,6849,6848.0
6933,rksiwImM2ZQ5nQGKLGpT7g,Leslie Grove Park,3.5,3,{'GoodForKids': 'True'},"Parks, Active Life",,6934,6933.0
7518,mzEVjJrc4Fva2ixZ1TOL9Q,Kids Fun City,4.0,8,"{'GoodForKids': 'True', 'BikeParking': 'True', 'BusinessParking': ""{'garage': False, 'street': False, 'validated': False, 'lot': False, 'valet': False}""}","Event Planning & Services, Recreation Centers, Venues & Event Spaces, Active Life, Laser Tag, Mini Golf, Playgrounds","{'Wednesday': '12:0-20:0', 'Thursday': '12:0-20:0', 'Friday': '12:0-20:0', 'Sunday': '10:0-20:0'}",7519,7518.0
7834,GPKhCWk5mwrQY5joLy_K4w,Withrow Park,4.0,6,{'GoodForKids': 'True'},"Skating Rinks, Active Life, Local Flavor, Parks",,7835,7834.0
7871,68-EAQsRYuXYDzovGAOfFQ,Christie Pits Park,4.5,22,"{'GoodForKids': 'True', 'BusinessParking': ""{'garage': False, 'street': True, 'validated': False, 'lot': False, 'valet': False}"", 'BikeParking': 'True'}","Parks, Active Life",,7872,7871.0
8015,mEHvb1m8_g4zGneN-RWVrA,Etienne Brul√© Park,4.5,8,"{'GoodForKids': 'True', 'BikeParking': 'True', 'BusinessParking': ""{'garage': False, 'street': False, 'validated': False, 'lot': True, 'valet': False}""}","Active Life, Parks",,8016,8015.0
8856,rOS2NDgj1y1gvXOKmFeKLA,G Ross Lord Park,4.5,3,"{'GoodForKids': 'True', 'BusinessParking': ""{'garage': False, 'street': False, 'validated': False, 'lot': False, 'valet': False}"", 'BikeParking': 'True'}","Active Life, Dog Parks, Parks",,8857,8856.0
8931,GlmOExnqUfxMjZGt5gZ4Hw,Sherwood Park,4.5,3,{'GoodForKids': 'True'},"Active Life, Parks",,8932,8931.0
9111,BX9Q8pT8bLsqWWZIJoBs9g,Riverdale Park West,5.0,9,"{'BusinessParking': ""{'garage': False, 'street': False, 'validated': False, 'lot': False, 'valet': False}"", 'ByAppointmentOnly': 'False', 'GoodForKids': 'True', 'BikeParking': 'True'}","Dog Parks, Swimming Pools, Parks, Pets, Active Life",,9112,9111.0
9227,UyuZdykv7XBAUftkNC6YiQ,Cedarvale Ravine,4.5,3,"{'GoodForKids': 'True', 'BusinessParking': ""{'garage': False, 'street': False, 'validated': False, 'lot': False, 'valet': False}""}","Active Life, Parks",,9228,9227.0
9357,qEiJ_phSqBM9FSRMeI9AYA,Wilket Creek Park,4.5,3,"{'GoodForKids': 'True', 'BikeParking': 'True', 'BusinessParking': ""{'garage': False, 'street': False, 'validated': False, 'lot': False, 'valet': False}""}","Parks, Active Life",,9358,9357.0
9387,tMPXd7cu7u0418i9ZALSzQ,Rennie Park,4.0,4,{'GoodForKids': 'True'},"Active Life, Parks",,9388,9387.0
9508,JSAX88TyHDadmnClHSyJdw,L'Amoreaux Dog Park,4.0,5,"{'GoodForKids': 'True', 'BusinessParking': ""{'garage': False, 'street': False, 'validated': False, 'lot': True, 'valet': False}"", 'BikeParking': 'True'}","Dog Parks, Active Life, Pets, Parks","{'Monday': '7:0-23:0', 'Tuesday': '7:0-23:0', 'Wednesday': '7:0-23:0', 'Thursday': '7:0-23:0', 'Friday': '7:0-23:0', 'Saturday': '7:0-23:0', 'Sunday': '7:0-23:0'}",9509,9508.0
9871,39HWd2HsLZ-iJVM7pMMYeg,Beltline Trail,4.5,7,{'GoodForKids': 'True'},"Active Life, Parks",,9872,9871.0
10552,RRi2Vx9GS9B2yD98JEQgQw,Monarch Park,2.5,3,{'GoodForKids': 'True'},"Parks, Dog Parks, Active Life",,10553,10552.0
10588,A1Ep3RYtCLFeEOg2pAiUCw,Taylor Creek Park,4.5,8,"{'GoodForKids': 'True', 'BikeParking': 'True', 'BusinessParking': ""{'garage': False, 'street': False, 'validated': False, 'lot': True, 'valet': False}""}","Parks, Local Flavor, Active Life",,10589,10588.0
10603,09x-yFf6sNslMLfz9BI20A,Alexandra Park,3.5,11,"{'GoodForKids': 'True', 'BikeParking': 'True', 'BusinessParking': ""{'garage': False, 'street': False, 'validated': False, 'lot': True, 'valet': False}""}","Playgrounds, Dog Parks, Skate Parks, Active Life, Parks",,10604,10603.0
10941,vvho7_ZaJ0X6hf9aino2CA,Bluffer's Park,4.0,16,"{'BusinessParking': ""{'garage': False, 'street': False, 'validated': False, 'lot': True, 'valet': False}"", 'BikeParking': 'True', 'GoodForKids': 'True'}","Beaches, Active Life, Parks",,10942,10941.0
11031,37YLTHLnqegSB49N06IHog,Cherry Beach Clarke Beach Park,3.5,30,"{'GoodForKids': 'True', 'BusinessParking': ""{'garage': False, 'street': False, 'validated': False, 'lot': True, 'valet': False}"", 'BikeParking': 'True'}","Dog Parks, Parks, Beaches, Active Life",,11032,11031.0
11156,ZpJuyFaGhZ7CnK7lXzULlA,Sir Casimir Gzowski Park,4.0,3,,"Active Life, Parks",,11157,11156.0
11184,80sQO48UKXo9IbYnyoUO7Q,St. James' Park,4.0,10,"{'GoodForKids': 'True', 'BusinessParking': ""{'garage': False, 'street': False, 'validated': False, 'lot': False, 'valet': False}"", 'BikeParking': 'True'}","Parks, Active Life",,11185,11184.0
11283,7grygtJ69AJ_J7mM3bI0OA,Riverdale Park East,4.5,9,"{'GoodForKids': 'True', 'BikeParking': 'True', 'BusinessParking': ""{'garage': False, 'street': False, 'validated': False, 'lot': False, 'valet': False}""}","Parks, Active Life, Tennis",,11284,11283.0
11530,-Za5mjo-CYYUMsd1r8GC7Q,Ashbridges Bay Park,3.5,30,"{'GoodForKids': 'True', 'BusinessParking': ""{'garage': False, 'street': True, 'validated': False, 'lot': True, 'valet': False}"", 'BikeParking': 'True'}","Active Life, Parks, Beaches",,11531,11530.0
11586,1SrUvCiYAiZlTKXAUvQn6w,Cedarvale Park,5.0,3,"{'BusinessParking': ""{'garage': False, 'street': False, 'validated': False, 'lot': False, 'valet': False}"", 'GoodForKids': 'True', 'BikeParking': 'True'}","Parks, Active Life",,11587,11586.0
11862,BhWcL_usBHI3ihoQn9HB8A,Coronation Park,4.5,3,"{'BusinessParking': ""{'garage': False, 'street': False, 'validated': False, 'lot': False, 'valet': False}"", 'BikeParking': 'True', 'GoodForKids': 'True'}","Parks, Active Life",,11863,11862.0
11963,TRwFcUyOFA0USoQNpXWmGw,Tommy Thompson Park,4.5,7,"{'BikeParking': 'True', 'BusinessParking': ""{'garage': False, 'street': False, 'validated': False, 'lot': False, 'valet': False}"", 'GoodForKids': 'True'}","Active Life, Parks","{'Saturday': '9:0-16:30', 'Sunday': '9:0-16:30'}",11964,11963.0
12178,CBX258VxIU6HkIsyLyYANA,Ward's Island,4.5,34,"{'GoodForKids': 'True', 'BikeParking': 'True', 'BusinessParking': ""{'garage': False, 'street': False, 'validated': False, 'lot': False, 'valet': False}""}","Active Life, Parks, Beaches",,12179,12178.0
12207,0NMiK6IMU0P72XID62ZRJA,Sunnyside Park,3.5,11,"{'GoodForKids': 'True', 'BusinessParking': ""{'garage': False, 'street': False, 'validated': False, 'lot': True, 'valet': False}"", 'BikeParking': 'True'}","Active Life, Parks",,12208,12207.0
12320,xB1Gr3ocXLVDpGxi2xBdNA,CAMH,3.0,7,"{'ByAppointmentOnly': 'True', 'GoodForKids': 'True'}","Parks, Active Life, Health & Medical, Counseling & Mental Health",,12321,12320.0
12325,HB6brhDEQKVFwsZTXIg9-A,Martin Goodman Trail,4.0,13,"{'GoodForKids': 'True', 'BikeParking': 'True', 'DogsAllowed': 'True', 'BusinessParking': ""{'garage': False, 'street': False, 'validated': False, 'lot': False, 'valet': False}""}","Local Flavor, Active Life, Parks",,12326,12325.0
12387,CZdfFn8YZiCOUF0rmiUEKw,Queen's Park,4.0,25,"{'GoodForKids': 'True', 'BikeParking': 'True', 'BusinessParking': ""{'garage': False, 'street': True, 'validated': False, 'lot': False, 'valet': False}""}","Active Life, Parks",,12388,12387.0
12800,S2hClXWlpLa14XY3GnAbmA,Sherbourne Common,4.0,10,"{'GoodForKids': 'True', 'BikeParking': 'True', 'BusinessParking': ""{'garage': True, 'street': True, 'validated': False, 'lot': True, 'valet': False}""}","Playgrounds, Active Life, Parks",,12801,12800.0
12889,7jQxs8gGX7tJjYj8eoBkfA,Canoe Landing Park,3.5,9,"{'BusinessParking': ""{'garage': False, 'street': False, 'validated': False, 'lot': False, 'valet': False}"", 'BikeParking': 'True', 'GoodForKids': 'True'}","Parks, Active Life",,12890,12889.0
12995,VEMX1R4xtF5AXwKlNMyDVg,High Park,4.5,135,"{'GoodForKids': 'True', 'ByAppointmentOnly': 'False', 'BusinessParking': ""{'garage': False, 'street': True, 'validated': False, 'lot': True, 'valet': False}"", 'BikeParking': 'True', 'DogsAllowed': 'True'}","Parks, Active Life, Zoos, Playgrounds",,12996,12995.0
13106,mLnJVDl2Jx-z_1id3bqh8Q,Woofs Upon A Walk,5.0,5,,"Pet Sitting, Pet Boarding, Pet Training, Pet Stores, Pets, Dog Walkers, Active Life, Pet Services, Parks, Dog Parks","{'Monday': '8:30-16:45', 'Tuesday': '8:30-16:45', 'Wednesday': '8:30-16:45', 'Thursday': '8:30-16:45', 'Friday': '8:30-16:45'}",13107,13106.0
13338,35oDgfjcKnFhperOcKrShA,Humber Bay Shores Park,5.0,4,"{'BikeParking': 'True', 'BusinessParking': ""{'garage': False, 'street': False, 'validated': False, 'lot': True, 'valet': False}"", 'GoodForKids': 'True'}","Parks, Active Life, Dog Parks, Beaches",,13339,13338.0
13800,BTTnwjSTi-YCfwXobrFDBQ,Sherwood Park,4.5,12,{'GoodForKids': 'True'},"Parks, Active Life",,13801,13800.0
13863,0u1Jd80kgwOacJ7BBcCksg,Commerce Court,3.5,3,"{'GoodForKids': 'True', 'ByAppointmentOnly': 'False'}","Real Estate Services, Real Estate, Home Services, Parks, Active Life",,13864,13863.0
13893,JODWOfeEICAlO2T_VAEbSg,Earlscourt Park,3.5,7,"{'DogsAllowed': 'True', 'BusinessParking': ""{'garage': False, 'street': False, 'validated': False, 'lot': False, 'valet': False}"", 'GoodForKids': 'True', 'BikeParking': 'True'}","Dog Parks, Parks, Active Life","{'Monday': '0:0-0:0', 'Tuesday': '0:0-0:0', 'Wednesday': '0:0-0:0', 'Thursday': '0:0-0:0', 'Friday': '0:0-0:0', 'Saturday': '0:0-0:0', 'Sunday': '0:0-0:0'}",13894,13893.0
13950,sRdtwkUUfLqwmRGoMtguvQ,Nathan Phillips Square,4.0,76,"{'GoodForKids': 'True', 'ByAppointmentOnly': 'False'}","Parks, Landmarks & Historical Buildings, Public Services & Government, Active Life",,13951,13950.0
14240,DbFsV4LRitxjM-zzJB0_-Q,Dovercourt Park,4.0,6,{'GoodForKids': 'True'},"Parks, Active Life",,14241,14240.0
14888,QX96lCxUkkXTZiEEO9Sv5Q,St. Andrew's Playground,3.0,7,"{'GoodForKids': 'True', 'BusinessParking': ""{'garage': False, 'street': False, 'validated': False, 'lot': False, 'valet': False}"", 'BikeParking': 'True'}","Playgrounds, Parks, Active Life, Dog Parks",,14889,14888.0
15425,AI7OupGT468boUjdGHfecg,Grenadier Pond,4.0,5,"{'GoodForKids': 'True', 'BikeParking': 'True', 'BusinessParking': ""{'garage': False, 'street': False, 'validated': False, 'lot': False, 'valet': False}""}","Active Life, Parks",,15426,15425.0
15696,ghM2rS76p5v4Qs66P52PIQ,Kew Gardens,4.0,17,"{'BusinessParking': ""{'garage': False, 'street': False, 'validated': False, 'lot': False, 'valet': False}"", 'BikeParking': 'True', 'GoodForKids': 'True'}","Parks, Active Life","{'Monday': '0:0-0:0', 'Tuesday': '0:0-0:0', 'Wednesday': '0:0-0:0', 'Thursday': '0:0-0:0', 'Friday': '0:0-0:0', 'Saturday': '0:0-0:0', 'Sunday': '0:0-0:0'}",15697,15696.0
15893,vL0pRgpfVFWs3njOuqPBmA,Bestview Park,3.5,3,"{'GoodForKids': 'True', 'BusinessParking': ""{'garage': False, 'street': False, 'validated': False, 'lot': False, 'valet': False}"", 'BikeParking': 'True'}","Active Life, Parks",,15894,15893.0
16237,xpdEBlThkJ8D_sOcN57n7g,Hanlan's Point,4.0,20,"{'GoodForKids': 'False', 'BusinessParking': ""{'garage': False, 'street': False, 'validated': False, 'lot': False, 'valet': False}"", 'BikeParking': 'True'}","Parks, Active Life, Beaches",,16238,16237.0
16748,Q-BK0g6KZK2cANslUrjrrg,Stanley Park,4.0,17,"{'GoodForKids': 'True', 'BusinessParking': ""{'garage': False, 'street': False, 'validated': False, 'lot': False, 'valet': False}"", 'BikeParking': 'True'}","Parks, Active Life, Dog Parks",,16749,16748.0
16751,O0VzEjT9osf_NRPmMzX9eA,Nordheimer Ravine,4.5,5,{'GoodForKids': 'True'},"Active Life, Parks, Hiking",,16752,16751.0
17033,xKutf_s_dw35Y-3-ZAPRbQ,Rosetta McClain Gardens,5.0,5,{'GoodForKids': 'True'},"Parks, Active Life",,17034,17033.0
17182,QfmADfKPJNVjN6vqzx9LPQ,Sorauren Park,3.5,4,"{'GoodForKids': 'True', 'BusinessParking': ""{'garage': False, 'street': False, 'validated': False, 'lot': False, 'valet': False}""}","Parks, Active Life",,17183,17182.0
17286,7cCPL6NJPrOUlxjabpmZjQ,Riverdale Farm,4.5,39,"{'GoodForKids': 'True', 'BusinessParking': ""{'garage': False, 'street': True, 'validated': False, 'lot': False, 'valet': False}""}","Zoos, Active Life, Parks","{'Monday': '9:0-17:0', 'Tuesday': '9:0-17:0', 'Wednesday': '9:0-17:0', 'Thursday': '9:0-17:0', 'Friday': '9:0-17:0', 'Saturday': '9:0-17:0', 'Sunday': '9:0-17:0'}",17287,17286.0
17467,EPmpO5EXHedPmAP8aro51Q,Asquith Green Parkette,2.5,3,{'GoodForKids': 'True'},"Active Life, Parks, Local Flavor",,17468,17467.0
17481,UpOI4SvSNoeOrW6rw_IIeA,Gerrard - Carlaw Parkette,4.0,4,{'GoodForKids': 'False'},"Active Life, Parks, Dog Parks",,17482,17481.0
17662,0cG8w7jxNAnkX8duZbCEog,Orphan's Greenspace - Dog Park,4.0,4,{'GoodForKids': 'False'},"Dog Parks, Parks, Pets, Active Life",,17663,17662.0
17961,cSNUKWsKZQlEy2FUXbHLsg,HTO Park,4.0,13,"{'GoodForKids': 'True', 'BikeParking': 'True', 'BusinessParking': ""{'garage': False, 'street': False, 'validated': False, 'lot': False, 'valet': False}""}","Parks, Active Life",,17962,17961.0
18099,QyQ8jldZwSr1tniW0nQbyQ,Bickford Park,3.5,7,"{'GoodForKids': 'True', 'BusinessParking': ""{'garage': False, 'street': False, 'validated': False, 'lot': False, 'valet': False}"", 'BikeParking': 'True'}","Playgrounds, Parks, Active Life, Dog Parks",,18100,18099.0
18158,Szn_fD1ezFeSRao3bRx7Ow,Leslie Street Spit Trail,4.5,24,"{'GoodForKids': 'True', 'BusinessParking': ""{'garage': False, 'street': True, 'validated': False, 'lot': True, 'valet': False}""}","Parks, Active Life","{'Saturday': '9:0-16:30', 'Sunday': '9:0-16:30'}",18159,18158.0
18308,Drn62oroI35wMeg1aMWlCw,Woodbine Park,4.0,9,"{'GoodForKids': 'True', 'BusinessParking': ""{'garage': False, 'street': True, 'validated': False, 'lot': False, 'valet': False}"", 'BikeParking': 'True'}","Active Life, Parks",,18309,18308.0
18409,Mt1cYJEA9rNNjuag8O5hIQ,Don Valley Mountain Bike Trails,4.5,3,"{'GoodForKids': 'True', 'BusinessParking': ""{'garage': False, 'street': False, 'validated': False, 'lot': True, 'valet': False}"", 'BikeParking': 'True'}","Mountain Biking, Parks, Active Life",,18410,18409.0
18543,11_-2SAxFUgypoCGNO4a1w,Barbara Hall Park,3.5,3,{'GoodForKids': 'False'},"Parks, Active Life, Local Flavor",,18544,18543.0
18997,nJJXgPK89KmQy3BXqRnVzA,Grange Park,4.0,14,"{'GoodForKids': 'True', 'DogsAllowed': 'True', 'BikeParking': 'True', 'BusinessParking': ""{'garage': False, 'street': True, 'validated': False, 'lot': False, 'valet': False}""}","Active Life, Parks",,18998,18997.0
19007,dr57Gr2FeEGL7xSutbGSaQ,Measurement Park,3.0,3,"{'GoodForKids': 'True', 'BusinessParking': ""{'garage': False, 'street': False, 'validated': False, 'lot': True, 'valet': False}""}","Active Life, Parks",,19008,19007.0
19523,8wUlW8b5yAoZifQWf-jABw,Berczy Park,4.5,14,"{'GoodForKids': 'True', 'DogsAllowed': 'True', 'BikeParking': 'True', 'BusinessParking': ""{'garage': False, 'street': False, 'validated': False, 'lot': False, 'valet': False}""}","Parks, Active Life",,19524,19523.0
19880,ZKx5TXu6zNcyhNYKWd6sbA,David A Balfour Park,3.5,3,"{'GoodForKids': 'True', 'BusinessParking': ""{'garage': False, 'street': False, 'validated': False, 'lot': False, 'valet': False}""}","Active Life, Parks",,19881,19880.0
